macro,overlay_occurrences,defined_in_merged_source,defined_by_us_release,definition_paths
_ACCLAIM_IGAADSYSTEM,27,no,no,
_ACCLAIM_RUBICONADSYSTEM,10,no,yes,
_ACCLAIM_VERSION,1,no,yes,
_DEBUG,5,no,no,
_FMODDYN_H_,1,yes,no,Library/FMod/fmoddyn.h
_FMOD_ERRORS_H,1,yes,no,Library/FMod/fmod_errors.h
_FMOD_H_,1,yes,no,Library/FMod/fmod.h
_MSC_VER,5,no,no,
_UNICODE,5,yes,no,XControl/XHTMLWrapper.h
_WIN32,8,yes,no,Library/BinkSDK/radbase.h
_WIN32_WCE,2,no,no,
_WIN64,6,no,no,
_WINDOWS,2,yes,yes,Library/BinkSDK/radbase.h
_WINDOWS_,1,no,no,
_XADMINISTRATORMODE,9,no,no,
_XBOX,8,no,no,
_XBOX_VER,5,no,no,
_XCHECKMEMORYUSAGE,8,no,no,
_XDEF_AGEGRADE_070607_MAGVIPER,5,yes,no,XKernel/XKernel.h
_XDEF_BLOCK_MOVINGATTACK,3,yes,no,XKernel/XKernel.h
_XDEF_BW_WAR_ENTER_GATE_080317_KUKURI,1,yes,no,XKernel/XKernel.h
_XDEF_CASHBACKPACK_080404_MAGVIPER,9,yes,no,XKernel/XKernel.h
_XDEF_CASHITEM_SHOUT,6,yes,no,XKernel/XKernel.h
_XDEF_CASTLEBATTLE,6,yes,no,XKernel/XKernel.h
_XDEF_CASTLEBATTLE_RECORD,2,yes,no,XKernel/XKernel.h
_XDEF_CB_SCHEDULE_RENEWAL_071211_KUKURI,2,yes,no,XKernel/XKernel.h
_XDEF_DETECTSPEEDHACK,1,no,no,
_XDEF_ESCAPE_20070205,8,yes,no,XKernel/XKernel.h
_XDEF_EVENTWINDOW,6,yes,no,XKernel/XKernel.h
_XDEF_EVENTWINDOW_WEBPAGE_20070214,1,no,no,
_XDEF_EVENT_ADD_HYPERRUN_080417_KUKURI,3,yes,no,XKernel/XKernel.h
_XDEF_EVENT_RENEWAL_080201_MAGVIPER,3,yes,no,XKernel/XKernel.h
_XDEF_HACKTOOLCHECK_071112_KERYGMA,1,yes,no,XKernel/XKernel.h
_XDEF_HELPSYSTEMSERVERSAVE,16,yes,no,XKernel/XKernel.h
_XDEF_INPUTPRESS,1,yes,no,XKernel/XKernel.h
_XDEF_INTERFACE_RENEWAL_071002_KUKURI,11,yes,no,XKernel/XKernel.h
_XDEF_KEYCHANGE_20070115,4,yes,no,XKernel/XKernel.h
_XDEF_LOCK_F12BUTTON_071203_MAGVIPER,2,yes,no,XKernel/XKernel.h
_XDEF_LOSTWEAPON_070821_MAGVIPER,1,yes,no,XKernel/XKernel.h
_XDEF_MADSYSTEM,4,no,no,
_XDEF_MASTER_AND_DISCIPLE_080721_MAGVIPER,6,no,no,
_XDEF_MATCH_EVENT_071025_KUKURI,15,yes,no,XKernel/XKernel.h
_XDEF_MEMORYHACKDEFENCE,1,no,no,
_XDEF_MIXWEAPON_071009_KUKURI,1,yes,no,XKernel/XKernel.h
_XDEF_MODELTHREADLOADING,4,yes,no,XKernel/XKernel.h
_XDEF_MOVEVILLAGE_RENEWAL_070814_KUKURI,2,yes,no,XKernel/XKernel.h
_XDEF_MOVE_PKSERVER_SELECT,8,yes,no,XKernel/XKernel.h
_XDEF_NEWSPECIALBGMPROCESS_071123_KERYGMA,8,no,no,
_XDEF_NEW_COLLECTION_PACKET_080211_KUKURI,1,yes,no,XKernel/XKernel.h
_XDEF_NEW_WORLDMAP_070528_MAGVIPER,2,yes,no,XKernel/XKernel.h
_XDEF_NOTICEPOPUPCONTROL__070910_POPUP,1,yes,no,XKernel/XKernel.h
_XDEF_NOTICE_STRING_PROCESS,4,yes,no,XKernel/XKernel.h
_XDEF_NPCBUFF_CASH_080410_KUKURI,3,yes,no,XKernel/XKernel.h
_XDEF_NPROTECT_GUARD,11,yes,no,XKernel/XKernel.h
_XDEF_PARTY_NOTAVAILABLE,3,yes,no,XKernel/XKernel.h
_XDEF_PERFORMANCE_CHECK,2,yes,no,XProcess/XProc_MainGameDef.h
_XDEF_PERIODITEM_USESTORAGE_070813_KUKURI,2,yes,no,XKernel/XKernel.h
_XDEF_PK_ADDTIONALFUNCTION01_20070321,6,yes,no,XKernel/XKernel.h
_XDEF_PK_TRACINGSERVICES_20070402,3,yes,no,XKernel/XKernel.h
_XDEF_PLAYER_CHARACTER_SELECT,1,no,no,
_XDEF_QUEST_FOR_DUNGEON_080519_KUKURI,1,yes,no,XKernel/XKernel.h
_XDEF_RECALLSYSTEM_070604_MAGVIPER,1,yes,no,XKernel/XKernel.h
_XDEF_RENEWAL_CHATWINDOW_20070503,24,yes,no,XKernel/XKernel.h
_XDEF_SAME_CHAT_MESSAGE_080923_KUKURI,7,no,no,
_XDEF_SDS_ONOFF_SYSTEM_070914_KUKURI,1,yes,no,XKernel/XKernel.h
_XDEF_SERVERTIMECHECK_071112_KERYGMA,2,yes,no,XKernel/XKernel.h
_XDEF_SHOWEVENTNOTICE,1,yes,no,XKernel/XKernel.h
_XDEF_SHUTDOWN_20061027,8,yes,no,XKernel/XKernel.h
_XDEF_SKILLDEALY_MODIFY,3,yes,no,XKernel/XKernel.h
_XDEF_SMELT_ITEM,1,yes,no,XKernel/XKernel.h
_XDEF_SOCKET_DETACHSYSTEM_070704_MAGVIPER,1,yes,no,XKernel/XKernel.h
_XDEF_USEAREAFUNCTION,1,yes,no,XProcess/XProc_MainGame.cpp
_XDEF_USESCREEENMOTIONBLUR,4,yes,no,XProcess/EODEXTDEF_GlobalObject.h
_XDEF_USETERRAINDIFFUSECOLOR,1,yes,no,MeshControl/XLodTerrain.h
_XDEF_WEBBOARD_20061211,6,yes,no,XKernel/XKernel.h
_XDEF_ZONECHATTING_20070108,12,yes,no,XKernel/XKernel.h
_XDWDEBUG,44,no,no,
_XENABLE_GAMEGUARD,1,yes,no,DataStructure/Notice/XNoticeProcess.cpp;EmperorOfDragons.cpp;Network/XNetwork.cpp;Network/packet_for_ctrl_gms.h;XKernel/XApplication/X3DApp.cpp;XKernel/XApplication/XKernel.cpp;XProcess/XProc_MainGame.cpp;XProcess/XProc_SelectCharacter.cpp;XProcess/XWindow_Login.cpp
_XENGLISH,2,no,yes,
_XENON,4,no,no,
_XGMCLIENT,13,no,no,
_XJAPANESE,15,no,no,
_XKERYGMASETTING,1,no,no,
_XKOREAN,4,no,no,
_XMANAGER,4,no,no,
_XPROC_MAINGAMEDEFINE_,1,yes,no,XProcess/XProc_MainGameDef.h
_XRUSSIAN,1,no,no,
_XTAIWANESE,7,no,no,
_XTESTSERVER,4,yes,no,XKernel/XKernel.h
_XTS_ALIANCE_20061018,3,yes,no,XKernel/XKernel.h
_XTS_BLOODPOINT,2,yes,no,XKernel/XKernel.h
_XTS_HAVEQUESTLISTNPC,1,yes,no,XKernel/XKernel.h
_XTS_ITEMMALLBROWSER,13,yes,no,XKernel/XKernel.h
_XTS_MOTIONBLURTEST,2,no,no,
_XTS_MOVEVILLAGE,5,yes,no,XKernel/XKernel.h
_XTS_NEWSKILLWINDOW,2,yes,no,XKernel/XKernel.h
_XTS_PK,7,yes,no,XKernel/XKernel.h
_XTS_PKZONE_SERVERSETTING,2,yes,no,XKernel/XKernel.h
_XTS_SKILLCOMATYPE,1,yes,no,XKernel/XKernel.h
_XUSEAPEXMODULE,1,no,no,
_XUSEFMOD,5,no,yes,
_XUSE_GAMEGUARD,11,yes,no,DataStructure/Notice/XNoticeProcess.cpp;EmperorOfDragons.cpp;Network/XNetwork.cpp;Network/packet_for_ctrl_gms.h;XKernel/XApplication/X3DApp.cpp;XKernel/XApplication/XKernel.cpp;XProcess/XProc_MainGame.cpp;XProcess/XProc_SelectCharacter.cpp;XProcess/XWindow_Login.cpp
_XVIETNAMESE,13,no,no,
_XWEBPAGE_EXPORTS,1,no,no,
