path,size,sha256
Library/BinkSDK/bink.h,30941,a6ef49a8c494b6e0f7b7f361e54be79605c7eb5f7c9ee1deccbcfec957faa660
Library/BinkSDK/binktextures.h,7155,c2ced3a38e1ac4bed3964444cb4585b242304834e0e24c54da2a0eebcd7526ba
Library/BinkSDK/binkw32.dll,166912,d776b5b874a80add5b3307de732ca41b2b6982142ab41b44f940f86da002ce62
Library/BinkSDK/binkw32.lib,16048,174bd8888d66cfd969f147498e118d6c79f57bc4ccf17f2c3eda6c9042f22726
Library/BinkSDK/dx9rad3d.cpp,50657,e3d3ec90858de2f5056bedef813a871ac6bc4ecb5b6a73b612c0910b096bf9e1
Library/BinkSDK/rad3d.h,4295,dd62a3fa47cab76d0eb3ae764a5b455e0eb5fea0c200a7df351448a6bed74bdf
Library/BinkSDK/radbase.h,18575,5eef758e828464a34321d1416c91f00cb843e35166505efbb92a6da75798ceaa
Library/CWebPage/XWebPage.h,693,6f59e531b766b0619d22c1d294cdadb8e4ede55e334aa13eb1c463f491c5e4c3
Library/CWebPage/XWebPage.lib,3084,b7d761dc7449438fbc445c302900148826ee02ebe58bf6e7b81df2f14921b4c2
Library/FMod/fmod.h,72687,0188c2c5718f9f227bccc765d9a51f397716d34c003142a81be5ea8a96c7d526
Library/FMod/fmod_errors.h,1689,7a0644b95f21666d98713390476218a560cf8f67222de3c812dd48252b742858
Library/FMod/fmoddyn.h,39080,a7f4489a2aed21771e0f6b63795039fc49b875f3977e304082fef1cc905b3535
Library/FMod/fmodvc.lib,58058,560aaa3e34d3fa2ced9fbdac35486595bc53f65922e6a11667633b819253b6ad
Library/FMod/wincompat.h,1438,1f60d0a40906c81c7b856025e71245226bc205c96d0259a92da6638cf5e305d6
Library/QHTM/QHTM.dll,405504,9e622b880d9afc7076a8c008272528bfea21ec3d2e95b354795246cd48b29e53
Library/QHTM/QHTM.h,21444,3ca9196b83b38299dad870febd767b9e8f1de3fbc3441e651b8658b342e68cd0
Library/QHTM/QHTM.lib,10942,b3d9d5badcceb19e90fa8ced0366558de87f998f561f865b863a6f85bdac2f67
Library/dbghelp.lib,28278,33dab36fbc5532c9486ec1de2cb7891516b22453b12ea1193fb597042efb3236
Library/radsdk/radsdk.h,4525,9073852d0202552408fbeb632f2a950eb97faac4d58e3ccfa2c536870d962c70
Library/radsdk/radsdk6.lib,935418,629eab835ba23020a73c53f634bd10f547f4e7ddb2d64f0e62b3d98e886dd2a5
Library/radsdk/radsdk_ll.h,2718,c2261a5b27cbc821e53529bef0bf877eaa124e8bc71660d21aa681f7f412e64e
XProcess/XProc_MainGame.cpp,728228,0aaa45e049e70306704444c354d36512f64234277824901eb71aad674c663fec
XProcess/XProc_MainGame.h,23431,b890501070a877016f5d6b6b49e1485c9f0b0f7c24152bc6e042a9e8e94d44d3
XProcess/XProc_MainGameCallBackFunctions.cpp,57690,59f9e7b7419ad2a37646339b0f545320f4db327819b90073b706d68e87f449aa
XProcess/XProc_MainGameDef.h,5961,f9c017bd7b8c37df4e4830540a5380c297957ed0f913239384f25baf355a6169
res/NineDragons.exe.manifest,591,5bc7bb3961430e85c941b9137da7e24a6aa7f69bb80d51d82b623ee179e07e9b
