source,include,resolved_path,status,gm_named
Library/BinkSDK/bink.h,radbase.h,Library/BinkSDK/radbase.h,resolved,no
Library/BinkSDK/binktextures.h,bink.h,Library/BinkSDK/bink.h,resolved,no
Library/BinkSDK/dx9rad3d.cpp,stdafx.h,StdAfx.h,resolved,no
Library/BinkSDK/dx9rad3d.cpp,rad3d.h,Library/BinkSDK/rad3d.h,resolved,no
Library/BinkSDK/rad3d.h,radbase.h,Library/BinkSDK/radbase.h,resolved,no
Library/FMod/fmoddyn.h,fmod.h,Library/FMod/fmod.h,resolved,no
Library/radsdk/radsdk_ll.h,radsdk.h,Library/radsdk/radsdk.h,resolved,no
XProcess/XProc_MainGame.cpp,stdafx.h,StdAfx.h,resolved,no
XProcess/XProc_MainGame.cpp,XKernel.h,XKernel/XKernel.h,resolved,no
XProcess/XProc_MainGame.cpp,EODEXTDEF_GlobalObject.h,XProcess/EODEXTDEF_GlobalObject.h,resolved,no
XProcess/XProc_MainGame.cpp,EmperorOfDragons.h,EmperorOfDragons.h,resolved,no
XProcess/XProc_MainGame.cpp,XProc_ProcessDefine.h,XProcess/XProc_ProcessDefine.h,resolved,no
XProcess/XProc_MainGame.cpp,XProc_MainGame.h,XProcess/XProc_MainGame.h,resolved,no
XProcess/XProc_MainGame.cpp,XMeshContainer.h,MeshControl/XMeshContainer.h,resolved,no
XProcess/XProc_MainGame.cpp,XWindow_QuickSlot.h,XProcess/XWindow_QuickSlot.h,resolved,no
XProcess/XProc_MainGame.cpp,XWindow_ChattingDefault.h,XProcess/XWindow_ChattingDefault.h,resolved,no
XProcess/XProc_MainGame.cpp,XWindow_Option.h,XProcess/XWindow_Option.h,resolved,no
XProcess/XProc_MainGame.cpp,XWindow_OptionSound.h,XProcess/XWindow_OptionSound.h,resolved,no
XProcess/XProc_MainGame.cpp,XWindow_NPCScript.h,XProcess/XWindow_NPCScript.h,resolved,no
XProcess/XProc_MainGame.cpp,XWindow_PCTrade.h,XProcess/XWindow_PCTrade.h,resolved,no
XProcess/XProc_MainGame.cpp,XWindow_Debug.h,XProcess/XWindow_Debug.h,resolved,no
XProcess/XProc_MainGame.cpp,XWindow_ZoneName.h,XProcess/XWindow_ZoneName.h,resolved,no
XProcess/XProc_MainGame.cpp,XWindow_Party.h,XProcess/XWindow_Party.h,resolved,no
XProcess/XProc_MainGame.cpp,XWindow_PartyMemberMiniBar.h,XProcess/XWindow_PartyMemberMiniBar.h,resolved,no
XProcess/XProc_MainGame.cpp,XWindow_PartyMasterMiniBar.h,XProcess/XWindow_PartyMasterMiniBar.h,resolved,no
XProcess/XProc_MainGame.cpp,XWindow_Skill.h,XProcess/XWindow_Skill.h,resolved,no
XProcess/XProc_MainGame.cpp,XWindow_RequestParty.h,XProcess/XWindow_RequestParty.h,resolved,no
XProcess/XProc_MainGame.cpp,XWindow_NPCTrade.h,XProcess/XWindow_NPCTrade.h,resolved,no
XProcess/XProc_MainGame.cpp,XWindow_TradeConfirm.h,XProcess/XWindow_TradeConfirm.h,resolved,no
XProcess/XProc_MainGame.cpp,XWindow_AdminNotice.h,XProcess/XWindow_AdminNotice.h,resolved,no
XProcess/XProc_MainGame.cpp,XWindow_ChargeGauge.h,XProcess/XWindow_ChargeGauge.h,resolved,no
XProcess/XProc_MainGame.cpp,XWindow_AddSaveItem.h,XProcess/XWindow_AddSaveItem.h,resolved,no
XProcess/XProc_MainGame.cpp,XWindow_Warehouse.h,XProcess/XWindow_Warehouse.h,resolved,no
XProcess/XProc_MainGame.cpp,XWindow_MaximumMap.h,XProcess/XWindow_MaximumMap.h,resolved,no
XProcess/XProc_MainGame.cpp,XWindow_ChattingDefault.h,XProcess/XWindow_ChattingDefault.h,resolved,no
XProcess/XProc_MainGame.cpp,XWindow_SystemMsgDefault.h,XProcess/XWindow_SystemMsgDefault.h,resolved,no
XProcess/XProc_MainGame.cpp,XWindow_MainMenu.h,XProcess/XWindow_MainMenu.h,resolved,no
XProcess/XProc_MainGame.cpp,XWindow_Messenger.h,XProcess/XWindow_Messenger.h,resolved,no
XProcess/XProc_MainGame.cpp,XWindow_MessengerDialog.h,XProcess/XWindow_MessengerDialog.h,resolved,no
XProcess/XProc_MainGame.cpp,XWindow_MessengerTooltip.h,XProcess/XWindow_MessengerTooltip.h,resolved,no
XProcess/XProc_MainGame.cpp,XWindow_Email.h,XProcess/XWindow_Email.h,resolved,no
XProcess/XProc_MainGame.cpp,XWindow_JinStatus.h,XProcess/XWindow_JinStatus.h,resolved,no
XProcess/XProc_MainGame.cpp,XWindow_MonsterStatus.h,XProcess/XWindow_MonsterStatus.h,resolved,no
XProcess/XProc_MainGame.cpp,XWindow_NPCSkill.h,XProcess/XWindow_NPCSkill.h,resolved,no
XProcess/XProc_MainGame.cpp,XWindow_Rebirth.h,XProcess/XWindow_Rebirth.h,resolved,no
XProcess/XProc_MainGame.cpp,XWindow_RepairItem.h,XProcess/XWindow_RepairItem.h,resolved,no
XProcess/XProc_MainGame.cpp,XWindow_TradeConfirm.h,XProcess/XWindow_TradeConfirm.h,resolved,no
XProcess/XProc_MainGame.cpp,XWindow_NameInput.h,XProcess/XWindow_NameInput.h,resolved,no
XProcess/XProc_MainGame.cpp,XWindow_TrainingMed.h,XProcess/XWindow_TrainingMed.h,resolved,no
XProcess/XProc_MainGame.cpp,XWindow_TrainingDummy.h,XProcess/XWindow_TrainingDummy.h,resolved,no
XProcess/XProc_MainGame.cpp,XWindow_TrainingSpell.h,XProcess/xwindow_trainingspell.h,resolved,no
XProcess/XProc_MainGame.cpp,Xwindow_TrainingHelp.h,XProcess/XWindow_TrainingHelp.h,resolved,no
XProcess/XProc_MainGame.cpp,XMessageWindow.h,XProcess/XMessageWindow.h,resolved,no
XProcess/XProc_MainGame.cpp,XWindow_EnterBossRoom.h,XProcess/XWindow_EnterBossRoom.h,resolved,no
XProcess/XProc_MainGame.cpp,XWindow_NickName.h,XProcess/XWindow_NickName.h,resolved,no
XProcess/XProc_MainGame.cpp,XWindow_SocketPlugIn.h,XProcess/XWindow_SocketPlugIn.h,resolved,no
XProcess/XProc_MainGame.cpp,XWindow_Contribution.h,XProcess/XWindow_Contribution.h,resolved,no
XProcess/XProc_MainGame.cpp,XWindow_Hedek.h,XProcess/XWindow_Hedek.h,resolved,no
XProcess/XProc_MainGame.cpp,XWindow_Pocket.h,XProcess/XWindow_Pocket.h,resolved,no
XProcess/XProc_MainGame.cpp,XWindow_Tutorial.h,XProcess/XWindow_Tutorial.h,resolved,no
XProcess/XProc_MainGame.cpp,XWindow_TutorialIcon.h,XProcess/XWindow_TutorialIcon.h,resolved,no
XProcess/XProc_MainGame.cpp,XWindow_HelpBook.h,XProcess/XWindow_HelpBook.h,resolved,no
XProcess/XProc_MainGame.cpp,XWindowObjectDefine.h,XProcess/XWindowObjectDefine.h,resolved,no
XProcess/XProc_MainGame.cpp,XWindow_MainFrame.h,XProcess/XWindow_MainFrame.h,resolved,no
XProcess/XProc_MainGame.cpp,XWindow_PersonalStore.h,XProcess/XWindow_PersonalStore.h,resolved,no
XProcess/XProc_MainGame.cpp,XWindow_QuestMail.h,XProcess/XWindow_QuestMail.h,resolved,no
XProcess/XProc_MainGame.cpp,XWindow_Gamble.h,XProcess/XWindow_Gamble.h,resolved,no
XProcess/XProc_MainGame.cpp,XWindow_EventNotice.h,XProcess/XWindow_EventNotice.h,resolved,no
XProcess/XProc_MainGame.cpp,XWindow_TargetInfo.h,XProcess/XWindow_TargetInfo.h,resolved,no
XProcess/XProc_MainGame.cpp,Xwindow_MatchTablePVP.h,XProcess/XWindow_MatchTablePVP.h,resolved,no
XProcess/XProc_MainGame.cpp,XWindow_MatchNoticeSmall.h,XProcess/XWindow_MatchNoticeSmall.h,resolved,no
XProcess/XProc_MainGame.cpp,Xwindow_PVPBroker.h,XProcess/XWindow_PVPBroker.h,resolved,no
XProcess/XProc_MainGame.cpp,XWindow_SocketPlugInExp.h,XProcess/XWindow_SocketPlugInExp.h,resolved,no
XProcess/XProc_MainGame.cpp,XWindow_AreaSelect.h,XProcess/XWindow_AreaSelect.h,resolved,no
XProcess/XProc_MainGame.cpp,XWindow_NPCCollection.h,XProcess/XWindow_NPCCollection.h,resolved,no
XProcess/XProc_MainGame.cpp,XWindow_NPCResource.h,XProcess/XWindow_NPCResource.h,resolved,no
XProcess/XProc_MainGame.cpp,XWindow_Inchant.h,XProcess/XWindow_Inchant.h,resolved,no
XProcess/XProc_MainGame.cpp,XWindow_PaymentWindow.h,XProcess/XWindow_PaymentWindow.h,resolved,no
XProcess/XProc_MainGame.cpp,XWindow_NPCBuff.h,XProcess/XWindow_NPCBuff.h,resolved,no
XProcess/XProc_MainGame.cpp,XWindow_BookOpen.h,XProcess/XWindow_BookOpen.h,resolved,no
XProcess/XProc_MainGame.cpp,XWindow_QuestRank.h,XProcess/XWindow_QuestRank.h,resolved,no
XProcess/XProc_MainGame.cpp,XWindow_BloodPoint.h,XProcess/XWindow_BloodPoint.h,resolved,no
XProcess/XProc_MainGame.cpp,XWindow_GuideLine.h,XProcess/XWindow_GuideLine.h,resolved,no
XProcess/XProc_MainGame.cpp,XWindow_HelpScreen.h,XProcess/XWindow_HelpScreen.h,resolved,no
XProcess/XProc_MainGame.cpp,XWindow_NPCSearch.h,XProcess/XWindow_NPCSearch.h,resolved,no
XProcess/XProc_MainGame.cpp,XWindow_AccountItemUse.h,XProcess/XWindow_AccountItemUse.h,resolved,no
XProcess/XProc_MainGame.cpp,XWindow_PCRPremium.h,XProcess/XWindow_PCRPremium.h,resolved,no
XProcess/XProc_MainGame.cpp,XWindow_MoveVillage.h,XProcess/XWindow_MoveVillage.h,resolved,no
XProcess/XProc_MainGame.cpp,XWindow_Event.h,XProcess/XWindow_Event.h,resolved,no
XProcess/XProc_MainGame.cpp,XWindow_Escape.h,XProcess/XWindow_Escape.h,resolved,no
XProcess/XProc_MainGame.cpp,XWindow_ThreatenGauge.h,XProcess/XWindow_ThreatenGauge.h,resolved,no
XProcess/XProc_MainGame.cpp,Xwindow_CBRecord.h,XProcess/XWindow_CBRecord.h,resolved,no
XProcess/XProc_MainGame.cpp,XWindow_Poison.h,XProcess/XWindow_Poison.h,resolved,no
XProcess/XProc_MainGame.cpp,XWindow_MixWeapon.h,XProcess/XWindow_MixWeapon.h,resolved,no
XProcess/XProc_MainGame.cpp,XWindow_MatchEvent.h,XProcess/XWindow_MatchEvent.h,resolved,no
XProcess/XProc_MainGame.cpp,XWindow_PK.h,XProcess/XWindow_PK.h,resolved,no
XProcess/XProc_MainGame.cpp,XWindow_Info.h,XProcess/XWindow_Info.h,resolved,no
XProcess/XProc_MainGame.cpp,XWindow_FreeMatchInfo.h,XProcess/XWindow_FreeMatchInfo.h,resolved,no
XProcess/XProc_MainGame.cpp,XWindow_MatchMessage.h,XProcess/XWindow_MatchMessage.h,resolved,no
XProcess/XProc_MainGame.cpp,XWindow_MatchNoticeLarge.h,XProcess/XWindow_MatchNoticeLarge.h,resolved,no
XProcess/XProc_MainGame.cpp,XWindow_CastleInfo.h,XProcess/XWindow_CastleInfo.h,resolved,no
XProcess/XProc_MainGame.cpp,XWindow_ChallengerList.h,XProcess/XWindow_ChallengerList.h,resolved,no
XProcess/XProc_MainGame.cpp,XWindow_CastleBattleRewardList.h,XProcess/XWindow_CastleBattleRewardList.h,resolved,no
XProcess/XProc_MainGame.cpp,XWindow_CastleBattlePersonalHistory.h,XProcess/XWindow_CastleBattlePersonalHistory.h,resolved,no
XProcess/XProc_MainGame.cpp,XWindow_CastleBattleTimeChange.h,XProcess/XWindow_CastleBattleTimeChange.h,resolved,no
XProcess/XProc_MainGame.cpp,XWindow_PKTracingRequest.h,XProcess/XWindow_PKTracingRequest.h,resolved,no
XProcess/XProc_MainGame.cpp,XWindow_BlackList.h,XProcess/XWindow_BlackList.h,resolved,no
XProcess/XProc_MainGame.cpp,XWindow_NPCResource_New.h,XProcess/XWindow_NPCResource_New.h,resolved,no
XProcess/XProc_MainGame.cpp,XWindow_CashMall.h,XProcess/XWindow_CashMall.h,resolved,no
XProcess/XProc_MainGame.cpp,XWindow_CashBox.h,XProcess/XWindow_CashBox.h,resolved,no
XProcess/XProc_MainGame.cpp,XWindow_WebBoard.h,XProcess/XWindow_WebBoard.h,resolved,no
XProcess/XProc_MainGame.cpp,XWindow_PK_ListBox.h,XProcess/XWindow_PK_ListBox.h,resolved,no
XProcess/XProc_MainGame.cpp,XWindow_SmeltItem.h,XProcess/XWindow_SmeltItem.h,resolved,no
XProcess/XProc_MainGame.cpp,XWindow_AgeGrade.h,XProcess/XWindow_AgeGrade.h,resolved,no
XProcess/XProc_MainGame.cpp,XWindow_WorldMap.h,XProcess/XWindow_WorldMap.h,resolved,no
XProcess/XProc_MainGame.cpp,XWindow_RecallItem.h,XProcess/XWindow_RecallItem.h,resolved,no
XProcess/XProc_MainGame.cpp,XWindow_SocketDetach.h,XProcess/XWindow_SocketDetach.h,resolved,no
XProcess/XProc_MainGame.cpp,XWindow_EventIcon.h,XProcess/XWindow_EventIcon.h,resolved,no
XProcess/XProc_MainGame.cpp,XWindow_NPCMnDInfo.h,,unresolved,no
XProcess/XProc_MainGame.cpp,XWindow_MnDTotalPoint.h,,unresolved,no
XProcess/XProc_MainGame.cpp,XWindow_MnDCurrentPoint.h,,unresolved,no
XProcess/XProc_MainGame.cpp,XWindow_GMCommand.h,,unresolved,yes
XProcess/XProc_MainGame.cpp,XWindow_GM_SendNoticeMessage.h,,unresolved,yes
XProcess/XProc_MainGame.cpp,XParticleList.h,XParticleCore/XParticleList.h,resolved,no
XProcess/XProc_MainGame.cpp,XParticleIDDefine.h,XParticleCore/XParticleIDDefine.h,resolved,no
XProcess/XProc_MainGame.cpp,SoundEffectList.h,XSound/SoundEffectList.h,resolved,no
XProcess/XProc_MainGame.cpp,XNPCScript.h,Script/XNPCScript.h,resolved,no
XProcess/XProc_MainGame.cpp,XSTWrapper.h,XSTreeWrapper/XSTWrapper.h,resolved,no
XProcess/XProc_MainGame.cpp,XSTWrapperCore.h,XSTreeWrapper/XSTWrapperCore.h,resolved,no
XProcess/XProc_MainGame.cpp,XDummy.h,DataStructure/xdummy.h,resolved,no
XProcess/XProc_MainGame.cpp,XSeat.h,DataStructure/xseat.h,resolved,no
XProcess/XProc_MainGame.cpp,XSR_STRINGHEADER.H,DataStructure/XSR_STRINGHEADER.H,resolved,no
XProcess/XProc_MainGame.cpp,LoadThread.h,XKernel/LoadThread.h,resolved,no
XProcess/XProc_MainGame.cpp,XTextureController.h,XKernel/XTextureController.h,resolved,no
XProcess/XProc_MainGame.cpp,XLifeEventManager.h,DataStructure/XLifeEventManager.h,resolved,no
XProcess/XProc_MainGame.cpp,./Library/CWebPage/XWebPage.h,Library/CWebPage/XWebPage.h,resolved,no
XProcess/XProc_MainGame.cpp,XDecalObject.h,MeshControl/XDecalObject.h,resolved,no
XProcess/XProc_MainGame.h,XProc_MainGameDef.h,XProcess/XProc_MainGameDef.h,resolved,no
XProcess/XProc_MainGame.h,XWindow_CInfo.h,XProcess/XWindow_CInfo.h,resolved,no
XProcess/XProc_MainGame.h,XWindow_QuestWindow.h,XProcess/XWindow_QuestWindow.h,resolved,no
XProcess/XProc_MainGame.h,XWindow_Inventory.h,XProcess/XWindow_Inventory.h,resolved,no
XProcess/XProc_MainGame.h,XWindow_WorldMinimap.h,XProcess/XWindow_WorldMinimap.h,resolved,no
XProcess/XProc_MainGame.h,XWindow_NPCSkill.h,XProcess/XWindow_NPCSkill.h,resolved,no
XProcess/XProc_MainGame.h,XLodTerrain.h,MeshControl/XLodTerrain.h,resolved,no
XProcess/XProc_MainGame.h,XBillBoard.h,XKernel/XBillboard.h,resolved,no
XProcess/XProc_MainGame.h,XRenderStateControl.h,MeshControl/XRenderStateControl.h,resolved,no
XProcess/XProc_MainGame.h,XUser.h,DataStructure/XUser.h,resolved,no
XProcess/XProc_MainGame.h,XNPC.h,DataStructure/XNPC.h,resolved,no
XProcess/XProc_MainGame.h,XWindow_NPCTrade.h,XProcess/XWindow_NPCTrade.h,resolved,no
XProcess/XProc_MainGame.h,XWindow_PCTrade.h,XProcess/XWindow_PCTrade.h,resolved,no
XProcess/XProc_MainGame.h,XWindow_NPCScript.h,XProcess/XWindow_NPCScript.h,resolved,no
XProcess/XProc_MainGame.h,XWindow_MainFrame.h,XProcess/XWindow_MainFrame.h,resolved,no
XProcess/XProc_MainGame.h,Xwindow_JinStatus.h,XProcess/XWindow_JinStatus.h,resolved,no
XProcess/XProc_MainGame.h,Xwindow_ChattingDefault.h,XProcess/XWindow_ChattingDefault.h,resolved,no
XProcess/XProc_MainGame.h,XWindow_LifeSkill.h,XProcess/XWindow_LifeSkill.h,resolved,no
XProcess/XProc_MainGame.h,Notice/XNoticeProcess.h,DataStructure/Notice/XNoticeProcess.h,resolved,no
XProcess/XProc_MainGameCallBackFunctions.cpp,stdafx.h,StdAfx.h,resolved,no
XProcess/XProc_MainGameCallBackFunctions.cpp,EODEXTDEF_GlobalObject.h,XProcess/EODEXTDEF_GlobalObject.h,resolved,no
XProcess/XProc_MainGameCallBackFunctions.cpp,EmperorOfDragons.h,EmperorOfDragons.h,resolved,no
XProcess/XProc_MainGameCallBackFunctions.cpp,XProc_ProcessDefine.h,XProcess/XProc_ProcessDefine.h,resolved,no
XProcess/XProc_MainGameCallBackFunctions.cpp,XProc_MainGame.h,XProcess/XProc_MainGame.h,resolved,no
XProcess/XProc_MainGameCallBackFunctions.cpp,XMeshContainer.h,MeshControl/XMeshContainer.h,resolved,no
XProcess/XProc_MainGameCallBackFunctions.cpp,XWindow_ChattingDefault.h,XProcess/XWindow_ChattingDefault.h,resolved,no
XProcess/XProc_MainGameCallBackFunctions.cpp,XWindow_MessengerTooltip.h,XProcess/XWindow_MessengerTooltip.h,resolved,no
XProcess/XProc_MainGameCallBackFunctions.cpp,XWindow_Option.h,XProcess/XWindow_Option.h,resolved,no
XProcess/XProc_MainGameCallBackFunctions.cpp,XWindow_NPCScript.h,XProcess/XWindow_NPCScript.h,resolved,no
XProcess/XProc_MainGameCallBackFunctions.cpp,XWindow_PCTrade.h,XProcess/XWindow_PCTrade.h,resolved,no
XProcess/XProc_MainGameCallBackFunctions.cpp,XWindow_Party.h,XProcess/XWindow_Party.h,resolved,no
XProcess/XProc_MainGameCallBackFunctions.cpp,XWindow_Skill.h,XProcess/XWindow_Skill.h,resolved,no
XProcess/XProc_MainGameCallBackFunctions.cpp,XWindow_Escape.h,XProcess/XWindow_Escape.h,resolved,no
XProcess/XProc_MainGameCallBackFunctions.cpp,XWindow_MatchPR.h,XProcess/XWindow_MatchPR.h,resolved,no
XProcess/XProc_MainGameCallBackFunctions.cpp,XWindow_GM_StatusControl.h,,unresolved,yes
XProcess/XProc_MainGameCallBackFunctions.cpp,SoundEffectList.h,XSound/SoundEffectList.h,resolved,no
XProcess/XProc_MainGameCallBackFunctions.cpp,XNPCScript.h,Script/XNPCScript.h,resolved,no
XProcess/XProc_MainGameCallBackFunctions.cpp,XMessageWindow.h,XProcess/XMessageWindow.h,resolved,no
XProcess/XProc_MainGameCallBackFunctions.cpp,XSR_STRINGHEADER.H,DataStructure/XSR_STRINGHEADER.H,resolved,no
